season,overall,round,pick,tid,team,pid,name,pos,bid,keeper,wks,wksSame,pts
2014,1,1,1,2,Pawtucket Patriots,10452,Adrian Peterson,RB,0,False,1,1,8.0
2014,2,1,2,8,Warlords of Westeros,12514,LeSean McCoy,RB,0,False,11,5,114.0
2014,3,1,3,3,Goleta Gringos,11307,Jamaal Charles,RB,0,False,11,11,160.0
2014,4,1,4,4,L.O.B. Thunder,10456,Marshawn Lynch,RB,0,False,12,12,188.0
2014,5,1,5,7,Tittsburgh Feelers,11278,Matt Forte,RB,0,False,12,12,185.0
2014,6,1,6,10,Honolulu Horndogs,15848,Eddie Lacy,RB,0,False,11,3,131.0
2014,7,1,7,9,Tijuana Sanchitos,10447,Calvin Johnson,WR,0,False,9,5,98.0
2014,8,1,8,1,Atlantic City Aquasharks,13232,Jimmy Graham,TE,0,False,10,3,101.0
2014,9,1,9,5,Muck City Mad Dawgs,8439,Aaron Rodgers,QB,0,False,12,12,272.0
2014,10,1,10,6,Kansas City Missourians,2580,Drew Brees,QB,0,False,10,10,183.0
2014,11,2,1,6,Kansas City Missourians,13215,Dez Bryant,WR,0,False,11,11,143.0
2014,12,2,2,5,Muck City Mad Dawgs,13216,Demaryius Thomas,WR,0,False,12,12,182.0
2014,13,2,3,1,Atlantic City Aquasharks,1428,Peyton Manning,QB,0,False,12,1,272.0
2014,14,2,4,9,Tijuana Sanchitos,14885,Doug Martin,RB,0,False,2,1,6.0
2014,15,2,5,10,Honolulu Horndogs,14005,DeMarco Murray,RB,0,False,11,11,180.0
2014,16,2,6,7,Tittsburgh Feelers,13983,A.J. Green,WR,0,False,9,9,94.0
2014,17,2,7,4,L.O.B. Thunder,12497,Arian Foster,RB,0,False,10,10,169.0
2014,18,2,8,3,Goleta Gringos,15825,Le'Veon Bell,RB,0,False,12,12,186.0
2014,19,2,9,8,Warlords of Westeros,13982,Julio Jones,WR,0,False,12,12,137.0
2014,20,2,10,2,Pawtucket Patriots,9705,Brandon Marshall,WR,0,False,12,1,107.0
2014,21,3,1,2,Pawtucket Patriots,15009,Alfred Morris,RB,0,False,11,6,133.0
2014,22,3,2,8,Warlords of Westeros,15826,Giovani Bernard,RB,0,False,8,8,91.0
2014,23,3,3,3,Goleta Gringos,14912,Alshon Jeffery,WR,0,False,8,8,82.0
2014,24,3,4,4,L.O.B. Thunder,11270,Jordy Nelson,WR,0,False,12,12,165.0
2014,25,3,5,7,Tittsburgh Feelers,13934,Antonio Brown,WR,0,False,12,12,191.0
2014,26,3,6,10,Honolulu Horndogs,8475,Vincent Jackson,WR,0,False,5,5,29.0
2014,27,3,7,9,Tijuana Sanchitos,15823,Montee Ball,RB,0,False,4,4,23.0
2014,28,3,8,1,Atlantic City Aquasharks,14204,Julius Thomas,TE,0,False,11,6,110.0
2014,29,3,9,5,Muck City Mad Dawgs,13229,Rob Gronkowski,TE,0,False,12,12,140.0
2014,30,3,10,6,Kansas City Missourians,14053,Randall Cobb,WR,0,False,10,10,126.0
2014,31,4,1,6,Kansas City Missourians,12503,Rashad Jennings,RB,0,False,7,7,73.0
2014,32,4,2,5,Muck City Mad Dawgs,15996,Zac Stacy,RB,0,False,4,4,31.0
2014,33,4,3,1,Atlantic City Aquasharks,9588,Reggie Bush,RB,0,False,3,3,11.0
2014,34,4,4,9,Tijuana Sanchitos,14874,Andrew Luck,QB,0,False,12,12,286.0
2014,35,4,5,10,Honolulu Horndogs,5528,Larry Fitzgerald,WR,0,False,3,3,15.0
2014,36,4,6,7,Tittsburgh Feelers,15893,Andre Ellington,RB,0,False,10,8,107.0
2014,37,4,7,4,L.O.B. Thunder,13994,Cam Newton,QB,0,False,3,3,30.0
2014,38,4,8,3,Goleta Gringos,12483,Matthew Stafford,QB,0,False,12,12,178.0
2014,39,4,9,8,Warlords of Westeros,13210,Ben Tate,RB,0,False,7,7,47.0
2014,40,4,10,2,Pawtucket Patriots,11283,DeSean Jackson,WR,0,False,10,10,79.0
2014,41,5,1,2,Pawtucket Patriots,14877,Nick Foles,QB,0,False,4,1,36.0
2014,42,5,2,8,Warlords of Westeros,12569,Percy Harvin,WR,0,False,7,7,40.0
2014,43,5,3,3,Goleta Gringos,13203,C.J. Spiller,RB,0,False,5,5,36.0
2014,44,5,4,4,L.O.B. Thunder,8479,Frank Gore,RB,0,False,9,9,49.0
2014,45,5,5,7,Tittsburgh Feelers,11258,Chris Johnson,RB,0,False,3,3,19.0
2014,46,5,6,10,Honolulu Horndogs,4461,Andre Johnson,WR,0,False,8,8,49.0
2014,47,5,7,9,Tijuana Sanchitos,15818,Keenan Allen,WR,0,False,5,5,23.0
2014,48,5,8,1,Atlantic City Aquasharks,11439,Pierre Garcon,WR,0,False,5,5,43.0
2014,49,5,9,5,Muck City Mad Dawgs,8442,Roddy White,WR,0,False,7,6,70.0
2014,50,5,10,6,Kansas City Missourians,13211,Toby Gerhart,RB,0,False,2,2,5.0
2014,51,6,1,6,Kansas City Missourians,15807,Cordarrelle Patterson,RB,0,False,5,5,32.0
2014,52,6,2,5,Muck City Mad Dawgs,12563,Michael Crabtree,WR,0,False,6,6,48.0
2014,53,6,3,1,Atlantic City Aquasharks,13553,Victor Cruz,WR,0,False,3,3,5.0
2014,54,6,4,9,Tijuana Sanchitos,-16026,SEA D/ST,D/ST,0,False,12,12,96.0
2014,55,6,5,10,Honolulu Horndogs,9592,Vernon Davis,TE,0,False,4,3,22.0
2014,56,6,6,7,Tittsburgh Feelers,14032,Torrey Smith,WR,0,False,3,3,20.0
2014,57,6,7,4,L.O.B. Thunder,4527,Jason Witten,TE,0,False,7,7,31.0
2014,58,6,8,3,Goleta Gringos,14908,Michael Floyd,WR,0,False,5,5,22.0
2014,59,6,9,8,Warlords of Westeros,13536,Joique Bell,RB,0,False,5,5,37.0
2014,60,6,10,2,Pawtucket Patriots,5941,Wes Welker,WR,0,False,1,1,6.0
2014,61,7,1,2,Pawtucket Patriots,10475,Greg Olsen,TE,0,False,10,6,86.0
2014,62,7,2,8,Warlords of Westeros,14924,T.Y. Hilton,WR,0,False,9,0,124.0
2014,63,7,3,3,Goleta Gringos,13204,Ryan Mathews,RB,0,False,1,0,7.0
2014,64,7,4,4,L.O.B. Thunder,2578,Reggie Wayne,WR,0,False,6,6,42.0
2014,65,7,5,7,Tittsburgh Feelers,14881,Russell Wilson,QB,0,False,7,7,121.0
2014,66,7,6,10,Honolulu Horndogs,14875,Robert Griffin,QB,0,False,2,1,20.0
2014,67,7,7,9,Tijuana Sanchitos,12649,Julian Edelman,WR,0,False,9,9,59.0
2014,68,7,8,1,Atlantic City Aquasharks,14884,Trent Richardson,RB,0,False,8,0,60.0
2014,69,7,9,5,Muck City Mad Dawgs,11289,Ray Rice,RB,0,False,0,0,0
2014,70,7,10,6,Kansas City Missourians,16794,Bishop Sankey,RB,0,False,3,3,13.0
2014,71,8,1,6,Kansas City Missourians,14909,Kendall Wright,WR,0,False,2,2,5.0
2014,72,8,2,5,Muck City Mad Dawgs,16530,Khiry Robinson,RB,0,False,3,3,29.0
2014,73,8,3,1,Atlantic City Aquasharks,14028,Stevan Ridley,RB,0,False,2,2,7.0
2014,74,8,4,9,Tijuana Sanchitos,14017,Shane Vereen,RB,0,False,6,6,54.0
2014,75,8,5,10,Honolulu Horndogs,5549,Steven Jackson,RB,0,False,5,5,43.0
2014,76,8,6,7,Tittsburgh Feelers,9646,Maurice Jones-Drew,RB,0,False,0,0,0
2014,77,8,7,4,L.O.B. Thunder,13217,Golden Tate,WR,0,False,7,7,78.0
2014,78,8,8,3,Goleta Gringos,9838,Marques Colston,WR,0,False,2,2,9.0
2014,79,8,9,8,Warlords of Westeros,12579,Jeremy Maclin,WR,0,False,10,0,130.0
2014,80,8,10,2,Pawtucket Patriots,4512,Anquan Boldin,WR,0,False,8,8,70.0
2014,81,9,1,2,Pawtucket Patriots,9613,DeAngelo Williams,RB,0,False,0,0,0
2014,82,9,2,8,Warlords of Westeros,5529,Philip Rivers,QB,0,False,11,11,183.0
2014,83,9,3,3,Goleta Gringos,16725,Sammy Watkins,WR,0,False,4,4,27.0
2014,84,9,4,4,L.O.B. Thunder,-16029,CAR D/ST,D/ST,0,False,4,4,10.0
2014,85,9,5,7,Tittsburgh Feelers,13295,Emmanuel Sanders,WR,0,False,11,11,141.0
2014,86,9,6,10,Honolulu Horndogs,12601,Mike Wallace,WR,0,False,9,9,71.0
2014,87,9,7,9,Tijuana Sanchitos,8544,Darren Sproles,RB,0,False,3,3,23.0
2014,88,9,8,1,Atlantic City Aquasharks,-16025,SF D/ST,D/ST,0,False,6,6,51.0
2014,89,9,9,5,Muck City Mad Dawgs,14886,Lamar Miller,RB,0,False,10,10,106.0
2014,90,9,10,6,Kansas City Missourians,12489,Donald Brown,RB,0,False,2,2,12.0
2014,91,10,1,6,Kansas City Missourians,15878,Terrance Williams,WR,0,False,6,0,36.0
2014,92,10,2,5,Muck City Mad Dawgs,11674,Danny Amendola,WR,0,False,0,0,0
2014,93,10,3,1,Atlantic City Aquasharks,13271,Eric Decker,WR,0,False,3,3,15.0
2014,94,10,4,9,Tijuana Sanchitos,14054,Kyle Rudolph,TE,0,False,4,3,19.0
2014,95,10,5,10,Honolulu Horndogs,10713,Pierre Thomas,RB,0,False,1,1,11.0
2014,96,10,6,7,Tittsburgh Feelers,10195,Fred Jackson,RB,0,False,2,2,10.0
2014,97,10,7,4,L.O.B. Thunder,14184,Cecil Shorts,WR,0,False,1,0,1.0
2014,98,10,8,3,Goleta Gringos,12516,Knowshon Moreno,RB,0,False,1,0,0.0
2014,99,10,9,8,Warlords of Westeros,15860,Jordan Reed,TE,0,False,3,3,8.0
2014,100,10,10,2,Pawtucket Patriots,13225,Riley Cooper,WR,0,False,0,0,0
2014,101,11,1,2,Pawtucket Patriots,-16007,DEN D/ST,D/ST,0,False,6,2,40.0
2014,102,11,2,8,Warlords of Westeros,14891,Bernard Pierce,RB,0,False,0,0,0
2014,103,11,3,3,Goleta Gringos,14189,Jordan Cameron,TE,0,False,4,4,8.0
2014,104,11,4,4,L.O.B. Thunder,14001,Colin Kaepernick,QB,0,False,6,6,83.0
2014,105,11,5,7,Tittsburgh Feelers,13231,Dennis Pitta,TE,0,False,2,2,11.0
2014,106,11,6,10,Honolulu Horndogs,11237,Matt Ryan,QB,0,False,5,5,72.0
2014,107,11,7,9,Tijuana Sanchitos,12586,Hakeem Nicks,WR,0,False,0,0,0
2014,108,11,8,1,Atlantic City Aquasharks,16731,Brandin Cooks,WR,0,False,2,1,9.0
2014,109,11,9,5,Muck City Mad Dawgs,16737,Mike Evans,WR,0,False,4,4,67.0
2014,110,11,10,6,Kansas City Missourians,15845,Justin Hunter,WR,0,False,2,1,7.0
2014,111,12,1,6,Kansas City Missourians,15873,Markus Wheaton,WR,0,False,1,1,1.0
2014,112,12,2,5,Muck City Mad Dawgs,14221,Doug Baldwin,WR,0,False,3,0,9.0
2014,113,12,3,1,Atlantic City Aquasharks,15358,Jarrett Boykin,WR,0,False,0,0,0
2014,114,12,4,9,Tijuana Sanchitos,16783,Terrance West,RB,0,False,5,5,26.0
2014,115,12,5,10,Honolulu Horndogs,2622,Steve Smith,WR,0,False,4,0,27.0
2014,116,12,6,7,Tittsburgh Feelers,2330,Tom Brady,QB,0,False,7,1,146.0
2014,117,12,7,4,L.O.B. Thunder,11238,Darren McFadden,RB,0,False,3,1,14.0
2014,118,12,8,3,Goleta Gringos,11788,Danny Woodhead,RB,0,False,0,0,0
2014,119,12,9,8,Warlords of Westeros,-16017,NE D/ST,D/ST,0,False,7,7,39.0
2014,120,12,10,2,Pawtucket Patriots,13587,Chris Ivory,RB,0,False,6,6,46.0
2014,121,13,1,2,Pawtucket Patriots,9597,Jay Cutler,QB,0,False,7,0,99.0
2014,122,13,2,8,Warlords of Westeros,5209,Tony Romo,QB,0,False,3,0,49.0
2014,123,13,3,3,Goleta Gringos,15786,Tavon Austin,WR,0,False,0,0,0
2014,124,13,4,4,L.O.B. Thunder,11122,Matt Prater,K,0,False,0,0,0
2014,125,13,5,7,Tittsburgh Feelers,-16014,LAR D/ST,D/ST,0,False,2,2,6.0
2014,126,13,6,10,Honolulu Horndogs,11295,Martellus Bennett,TE,0,False,10,0,81.0
2014,127,13,7,9,Tijuana Sanchitos,16730,Kelvin Benjamin,WR,0,False,10,10,90.0
2014,128,13,8,1,Atlantic City Aquasharks,15795,DeAndre Hopkins,WR,0,False,4,0,67.0
2014,129,13,9,5,Muck City Mad Dawgs,15705,Josh Gordon,WR,0,False,2,0,19.0
2014,130,13,10,6,Kansas City Missourians,16944,Devonta Freeman,RB,0,False,0,0,0
2014,131,14,1,6,Kansas City Missourians,8444,Heath Miller,TE,0,False,5,4,16.0
2014,132,14,2,5,Muck City Mad Dawgs,5536,Ben Roethlisberger,QB,0,False,5,0,82.0
2014,133,14,3,1,Atlantic City Aquasharks,10693,Ahmad Bradshaw,RB,0,False,7,7,66.0
2014,134,14,4,9,Tijuana Sanchitos,16803,Jeremy Hill,RB,0,False,6,1,74.0
2014,135,14,5,10,Honolulu Horndogs,-16022,ARI D/ST,D/ST,0,False,5,2,57.0
2014,136,14,6,7,Tittsburgh Feelers,9704,Stephen Gostkowski,K,0,False,12,4,131.0
2014,137,14,7,4,L.O.B. Thunder,16787,Marqise Lee,WR,0,False,0,0,0
2014,138,14,8,3,Goleta Gringos,14012,Andy Dalton,QB,0,False,1,1,14.0
2014,139,14,9,8,Warlords of Westeros,14911,Rueben Randle,WR,0,False,1,1,4.0
2014,140,14,10,2,Pawtucket Patriots,9638,Greg Jennings,WR,0,False,1,1,7.0
2014,141,15,1,2,Pawtucket Patriots,11923,Stephen Hauschka,K,0,False,10,3,98.0
2014,142,15,2,8,Warlords of Westeros,9354,Robbie Gould,K,0,False,5,5,34.0
2014,143,15,3,3,Goleta Gringos,-16004,CIN D/ST,D/ST,0,False,6,5,22.0
2014,144,15,4,4,L.O.B. Thunder,10467,Dwayne Bowe,WR,0,False,0,0,0
2014,145,15,5,7,Tittsburgh Feelers,16777,Carlos Hyde,RB,0,False,0,0,0
2014,146,15,6,10,Honolulu Horndogs,12500,Shonn Greene,RB,0,False,0,0,0
2014,147,15,7,9,Tijuana Sanchitos,15683,Justin Tucker,K,0,False,11,11,90.0
2014,148,15,8,1,Atlantic City Aquasharks,13981,Mark Ingram II,RB,0,False,5,0,71.0
2014,149,15,9,5,Muck City Mad Dawgs,-16034,HOU D/ST,D/ST,0,False,9,9,81.0
2014,150,15,10,6,Kansas City Missourians,14322,Dan Bailey,K,0,False,10,10,95.0
2014,151,16,1,6,Kansas City Missourians,-16018,NO D/ST,D/ST,0,False,3,1,1.0
2014,152,16,2,5,Muck City Mad Dawgs,1097,Adam Vinatieri,K,0,False,12,12,129.0
2014,153,16,3,1,Atlantic City Aquasharks,10636,Mason Crosby,K,0,False,7,0,68.0
2014,154,16,4,9,Tijuana Sanchitos,15391,Rod Streater,WR,0,False,0,0,0
2014,155,16,5,10,Honolulu Horndogs,1440,Phil Dawson,K,0,False,8,4,45.0
2014,156,16,6,7,Tittsburgh Feelers,16763,Jordan Matthews,WR,0,False,2,0,18.0
2014,157,16,7,4,L.O.B. Thunder,13213,LeGarrette Blount,RB,0,False,1,0,2.0
2014,158,16,8,3,Goleta Gringos,15058,Blair Walsh,K,0,False,0,0,0
2014,159,16,9,8,Warlords of Westeros,5362,Antonio Gates,TE,0,False,9,0,54.0
2014,160,16,10,2,Pawtucket Patriots,15855,Christine Michael,RB,0,False,0,0,0
2015,1,1,1,9,Tijuana Sanchitos,15825,Le'Veon Bell,RB,0,False,6,6,83.0
2015,2,1,2,4,Charleston Chewbacca,15848,Eddie Lacy,RB,0,False,8,8,53.0
2015,3,1,3,5,Muck City Mad Dawgs,10456,Marshawn Lynch,RB,0,False,7,4,56.0
2015,4,1,4,1,Squaw Valley Skinners,10452,Adrian Peterson,RB,0,False,12,12,171.0
2015,5,1,5,7,Tittsburgh Feelers,11307,Jamaal Charles,RB,0,False,5,5,75.0
2015,6,1,6,8,Warlords of Westeros,13934,Antonio Brown,WR,0,False,12,5,177.0
2015,7,1,7,2,Fairview Fat Cats,13229,Rob Gronkowski,TE,0,False,11,11,142.0
2015,8,1,8,10,Honolulu Horndogs,16040,C.J. Anderson,RB,0,False,7,7,20.0
2015,9,1,9,3,Goleta Gringos,14005,DeMarco Murray,RB,0,False,11,11,106.0
2015,10,1,10,6,The Dalles Cowboys,11278,Matt Forte,RB,0,False,7,4,88.0
2015,11,2,1,6,The Dalles Cowboys,16803,Jeremy Hill,RB,0,False,11,3,85.0
2015,12,2,2,3,Goleta Gringos,12514,LeSean McCoy,RB,0,False,9,5,110.0
2015,13,2,3,10,Honolulu Horndogs,13215,Dez Bryant,WR,0,False,7,1,43.0
2015,14,2,4,2,Fairview Fat Cats,13216,Demaryius Thomas,WR,0,False,11,11,97.0
2015,15,2,5,8,Warlords of Westeros,13982,Julio Jones,WR,0,False,10,10,144.0
2015,16,2,6,7,Tittsburgh Feelers,10447,Calvin Johnson,WR,0,False,12,5,130.0
2015,17,2,7,1,Squaw Valley Skinners,14053,Randall Cobb,WR,0,False,10,5,77.0
2015,18,2,8,5,Muck City Mad Dawgs,16733,Odell Beckham Jr.,WR,0,False,12,12,170.0
2015,19,2,9,4,Charleston Chewbacca,13983,A.J. Green,WR,0,False,12,4,137.0
2015,20,2,10,9,Tijuana Sanchitos,8439,Aaron Rodgers,QB,0,False,12,12,239.0
2015,21,3,1,9,Tijuana Sanchitos,14912,Alshon Jeffery,WR,0,False,6,4,69.0
2015,22,3,2,4,Charleston Chewbacca,14874,Andrew Luck,QB,0,False,5,5,78.0
2015,23,3,3,5,Muck City Mad Dawgs,13232,Jimmy Graham,TE,0,False,10,2,62.0
2015,24,3,4,1,Squaw Valley Skinners,14924,T.Y. Hilton,WR,0,False,7,1,40.0
2015,25,3,5,7,Tittsburgh Feelers,16731,Brandin Cooks,WR,0,False,7,5,57.0
2015,26,3,6,8,Warlords of Westeros,14886,Lamar Miller,RB,0,False,11,3,128.0
2015,27,3,7,2,Fairview Fat Cats,13981,Mark Ingram II,RB,0,False,12,12,143.0
2015,28,3,8,10,Honolulu Horndogs,13295,Emmanuel Sanders,WR,0,False,9,4,85.0
2015,29,3,9,3,Goleta Gringos,16737,Mike Evans,WR,0,False,11,4,98.0
2015,30,3,10,6,The Dalles Cowboys,16763,Jordan Matthews,WR,0,False,10,10,56.0
2015,31,4,1,6,The Dalles Cowboys,2576434,Melvin Gordon,RB,0,False,6,6,22.0
2015,32,4,2,3,Goleta Gringos,12649,Julian Edelman,WR,0,False,9,9,107.0
2015,33,4,3,10,Honolulu Horndogs,16777,Carlos Hyde,RB,0,False,6,6,62.0
2015,34,4,4,2,Fairview Fat Cats,8479,Frank Gore,RB,0,False,7,7,59.0
2015,35,4,5,8,Warlords of Westeros,15009,Alfred Morris,RB,0,False,2,1,12.0
2015,36,4,6,7,Tittsburgh Feelers,2977644,Todd Gurley II,RB,0,False,8,8,108.0
2015,37,4,7,1,Squaw Valley Skinners,12497,Arian Foster,RB,0,False,4,4,51.0
2015,38,4,8,5,Muck City Mad Dawgs,8475,Vincent Jackson,WR,0,False,5,4,39.0
2015,39,4,9,4,Charleston Chewbacca,11467,Justin Forsett,RB,0,False,10,7,83.0
2015,40,4,10,9,Tijuana Sanchitos,15893,Andre Ellington,RB,0,False,1,1,10.0
2015,41,5,1,9,Tijuana Sanchitos,15795,DeAndre Hopkins,WR,0,False,12,12,172.0
2015,42,5,2,4,Charleston Chewbacca,2976499,Amari Cooper,WR,0,False,11,11,92.0
2015,43,5,3,5,Muck City Mad Dawgs,16013,Joseph Randle,RB,0,False,5,5,58.0
2015,44,5,4,1,Squaw Valley Skinners,16800,Davante Adams,WR,0,False,3,2,15.0
2015,45,5,5,7,Tittsburgh Feelers,15920,Latavius Murray,RB,0,False,11,4,111.0
2015,46,5,6,8,Warlords of Westeros,14881,Russell Wilson,QB,0,False,9,9,169.0
2015,47,5,7,2,Fairview Fat Cats,4461,Andre Johnson,WR,0,False,2,2,4.0
2015,48,5,8,10,Honolulu Horndogs,11247,Jonathan Stewart,RB,0,False,9,4,88.0
2015,49,5,9,3,Goleta Gringos,1428,Peyton Manning,QB,0,False,6,5,51.0
2015,50,5,10,6,The Dalles Cowboys,2976516,T.J. Yeldon,RB,0,False,8,8,78.0
2015,51,6,1,6,The Dalles Cowboys,12579,Jeremy Maclin,WR,0,False,8,5,102.0
2015,52,6,2,3,Goleta Gringos,13217,Golden Tate,WR,0,False,4,4,22.0
2015,53,6,3,10,Honolulu Horndogs,15818,Keenan Allen,WR,0,False,5,5,41.0
2015,54,6,4,2,Fairview Fat Cats,13536,Joique Bell,RB,0,False,0,0,0
2015,55,6,5,8,Warlords of Westeros,14885,Doug Martin,RB,0,False,10,10,118.0
2015,56,6,6,7,Tittsburgh Feelers,10475,Greg Olsen,TE,0,False,11,4,109.0
2015,57,6,7,1,Squaw Valley Skinners,15847,Travis Kelce,TE,0,False,12,2,90.0
2015,58,6,8,5,Muck City Mad Dawgs,16725,Sammy Watkins,WR,0,False,5,0,57.0
2015,59,6,9,4,Charleston Chewbacca,11283,DeSean Jackson,WR,0,False,1,1,0.0
2015,60,6,10,9,Tijuana Sanchitos,13587,Chris Ivory,RB,0,False,11,11,135.0
2015,61,7,1,9,Tijuana Sanchitos,16790,Jarvis Landry,WR,0,False,10,10,98.0
2015,62,7,2,4,Charleston Chewbacca,17133,Isaiah Crowell,RB,0,False,1,1,3.0
2015,63,7,3,5,Muck City Mad Dawgs,12503,Rashad Jennings,RB,0,False,1,1,4.0
2015,64,7,4,1,Squaw Valley Skinners,9705,Brandon Marshall,WR,0,False,11,11,141.0
2015,65,7,5,7,Tittsburgh Feelers,2971618,Nelson Agholor,WR,0,False,0,0,0
2015,66,7,6,8,Warlords of Westeros,11295,Martellus Bennett,TE,0,False,8,8,48.0
2015,67,7,7,2,Fairview Fat Cats,15826,Giovani Bernard,RB,0,False,2,2,16.0
2015,68,7,8,10,Honolulu Horndogs,2580,Drew Brees,QB,0,False,7,2,90.0
2015,69,7,9,3,Goleta Gringos,13213,LeGarrette Blount,RB,0,False,7,7,61.0
2015,70,7,10,6,The Dalles Cowboys,2330,Tom Brady,QB,0,False,11,11,255.0
2015,71,8,1,6,The Dalles Cowboys,12601,Mike Wallace,WR,0,False,1,0,2.0
2015,72,8,2,3,Goleta Gringos,14908,Michael Floyd,WR,0,False,2,1,12.0
2015,73,8,3,10,Honolulu Horndogs,15885,Charles Johnson,WR,0,False,0,0,0
2015,74,8,4,2,Fairview Fat Cats,5536,Ben Roethlisberger,QB,0,False,6,6,115.0
2015,75,8,5,8,Warlords of Westeros,13204,Ryan Mathews,RB,0,False,0,0,0
2015,76,8,6,7,Tittsburgh Feelers,13203,C.J. Spiller,RB,0,False,0,0,0
2015,77,8,7,1,Squaw Valley Skinners,11237,Matt Ryan,QB,0,False,9,1,137.0
2015,78,8,8,5,Muck City Mad Dawgs,16804,John Brown,WR,0,False,6,6,49.0
2015,79,8,9,4,Charleston Chewbacca,4527,Jason Witten,TE,0,False,5,5,35.0
2015,80,8,10,9,Tijuana Sanchitos,-16026,SEA D/ST,D/ST,0,False,12,12,105.0
2015,81,9,1,9,Tijuana Sanchitos,11923,Stephen Hauschka,K,0,False,12,12,106.0
2015,82,9,2,4,Charleston Chewbacca,16794,Bishop Sankey,RB,0,False,1,1,4.0
2015,83,9,3,5,Muck City Mad Dawgs,2576336,Ameer Abdullah,RB,0,False,1,1,0.0
2015,84,9,4,1,Squaw Valley Skinners,16886,Martavis Bryant,WR,0,False,6,6,75.0
2015,85,9,5,7,Tittsburgh Feelers,13197,Sam Bradford,QB,0,False,4,4,45.0
2015,86,9,6,8,Warlords of Westeros,16799,Allen Robinson,WR,0,False,8,3,117.0
2015,87,9,7,2,Fairview Fat Cats,5528,Larry Fitzgerald,WR,0,False,12,12,137.0
2015,88,9,8,10,Honolulu Horndogs,2622,Steve Smith,WR,0,False,2,2,10.0
2015,89,9,9,3,Goleta Gringos,14017,Shane Vereen,RB,0,False,2,0,9.0
2015,90,9,10,6,The Dalles Cowboys,2969962,Duke Johnson Jr.,RB,0,False,1,0,8.0
2015,91,10,1,6,The Dalles Cowboys,11276,Eddie Royal,WR,0,False,0,0,0
2015,92,10,2,3,Goleta Gringos,2979477,Tevin Coleman,RB,0,False,2,0,9.0
2015,93,10,3,10,Honolulu Horndogs,2977609,Devin Funchess,WR,0,False,0,0,0
2015,94,10,4,2,Fairview Fat Cats,13271,Eric Decker,WR,0,False,7,7,78.0
2015,95,10,5,8,Warlords of Westeros,14909,Kendall Wright,WR,0,False,2,2,12.0
2015,96,10,6,7,Tittsburgh Feelers,11238,Darren McFadden,RB,0,False,4,4,37.0
2015,97,10,7,1,Squaw Valley Skinners,16784,Tre Mason,RB,0,False,0,0,0
2015,98,10,8,5,Muck City Mad Dawgs,2576623,DeVante Parker,WR,0,False,0,0,0
2015,99,10,9,4,Charleston Chewbacca,14189,Jordan Cameron,TE,0,False,2,2,11.0
2015,100,10,10,9,Tijuana Sanchitos,16921,Alfred Blue,RB,0,False,1,1,4.0
2015,101,11,1,9,Tijuana Sanchitos,14901,Dwayne Allen,TE,0,False,2,2,7.0
2015,102,11,2,4,Charleston Chewbacca,9838,Marques Colston,WR,0,False,1,0,3.0
2015,103,11,3,5,Muck City Mad Dawgs,2576303,David Cobb,RB,0,False,0,0,0
2015,104,11,4,1,Squaw Valley Skinners,9613,DeAngelo Williams,RB,0,False,6,1,110.0
2015,105,11,5,7,Tittsburgh Feelers,14032,Torrey Smith,WR,0,False,0,0,0
2015,106,11,6,8,Warlords of Westeros,11788,Danny Woodhead,RB,0,False,5,5,51.0
2015,107,11,7,2,Fairview Fat Cats,16944,Devonta Freeman,RB,0,False,9,0,171.0
2015,108,11,8,10,Honolulu Horndogs,15835,Zach Ertz,TE,0,False,2,0,7.0
2015,109,11,9,3,Goleta Gringos,8442,Roddy White,WR,0,False,0,0,0
2015,110,11,10,6,The Dalles Cowboys,16749,Charles Sims,RB,0,False,0,0,0
2015,111,12,1,6,The Dalles Cowboys,9761,Delanie Walker,TE,0,False,8,1,81.0
2015,112,12,2,3,Goleta Gringos,11439,Pierre Garcon,WR,0,False,1,1,1.0
2015,113,12,3,10,Honolulu Horndogs,2508176,David Johnson,RB,0,False,2,0,33.0
2015,114,12,4,2,Fairview Fat Cats,14895,Ronnie Hillman,RB,0,False,2,2,5.0
2015,115,12,5,8,Warlords of Westeros,13553,Victor Cruz,WR,0,False,0,0,0
2015,116,12,6,7,Tittsburgh Feelers,15832,Knile Davis,RB,0,False,0,0,0
2015,117,12,7,1,Squaw Valley Skinners,17127,Brandon Coleman,WR,0,False,0,0,0
2015,118,12,8,5,Muck City Mad Dawgs,5209,Tony Romo,QB,0,False,2,2,28.0
2015,119,12,9,4,Charleston Chewbacca,-16014,LAR D/ST,D/ST,0,False,9,2,57.0
2015,120,12,10,9,Tijuana Sanchitos,4512,Anquan Boldin,WR,0,False,1,1,3.0
2015,121,13,1,9,Tijuana Sanchitos,16889,Andre Williams,RB,0,False,0,0,0
2015,122,13,2,4,Charleston Chewbacca,15041,Dan Herron,RB,0,False,0,0,0
2015,123,13,3,5,Muck City Mad Dawgs,14914,Brian Quick,WR,0,False,0,0,0
2015,124,13,4,1,Squaw Valley Skinners,-16034,HOU D/ST,D/ST,0,False,7,3,50.0
2015,125,13,5,7,Tittsburgh Feelers,14876,Ryan Tannehill,QB,0,False,2,1,42.0
2015,126,13,6,8,Warlords of Westeros,15878,Terrance Williams,WR,0,False,2,2,14.0
2015,127,13,7,2,Fairview Fat Cats,-16007,DEN D/ST,D/ST,0,False,11,11,147.0
2015,128,13,8,10,Honolulu Horndogs,9588,Reggie Bush,RB,0,False,0,0,0
2015,129,13,9,3,Goleta Gringos,5362,Antonio Gates,TE,0,False,5,0,37.0
2015,130,13,10,6,The Dalles Cowboys,2971433,Dorial Green-Beckham,WR,0,False,0,0,0
2015,131,14,1,6,The Dalles Cowboys,16950,Lorenzo Taliaferro,RB,0,False,0,0,0
2015,132,14,2,3,Goleta Gringos,12483,Matthew Stafford,QB,0,False,2,1,38.0
2015,133,14,3,10,Honolulu Horndogs,13994,Cam Newton,QB,0,False,8,8,195.0
2015,134,14,4,2,Fairview Fat Cats,6016,Malcom Floyd,WR,0,False,1,0,0.0
2015,135,14,5,8,Warlords of Westeros,15072,Marvin Jones Jr.,WR,0,False,1,1,0.0
2015,136,14,6,7,Tittsburgh Feelers,15855,Christine Michael,RB,0,False,0,0,0
2015,137,14,7,1,Squaw Valley Skinners,15788,Tyler Eifert,TE,0,False,8,0,82.0
2015,138,14,8,5,Muck City Mad Dawgs,2980105,Matt Jones,RB,0,False,0,0,0
2015,139,14,9,4,Charleston Chewbacca,5526,Eli Manning,QB,0,False,6,6,102.0
2015,140,14,10,9,Tijuana Sanchitos,8544,Darren Sproles,RB,0,False,1,1,2.0
2015,141,15,1,9,Tijuana Sanchitos,9684,Owen Daniels,TE,0,False,0,0,0
2015,142,15,2,4,Charleston Chewbacca,2972460,Breshad Perriman,WR,0,False,0,0,0
2015,143,15,3,5,Muck City Mad Dawgs,-16002,BUF D/ST,D/ST,0,False,6,6,44.0
2015,144,15,4,1,Squaw Valley Skinners,16782,Jerick McKinnon,RB,0,False,0,0,0
2015,145,15,5,7,Tittsburgh Feelers,-16015,MIA D/ST,D/ST,0,False,4,3,19.0
2015,146,15,6,8,Warlords of Westeros,-16022,ARI D/ST,D/ST,0,False,9,0,89.0
2015,147,15,7,2,Fairview Fat Cats,9704,Stephen Gostkowski,K,0,False,12,12,129.0
2015,148,15,8,10,Honolulu Horndogs,-16033,BAL D/ST,D/ST,0,False,2,1,-6.0
2015,149,15,9,3,Goleta Gringos,1097,Adam Vinatieri,K,0,False,5,2,25.0
2015,150,15,10,6,The Dalles Cowboys,17082,Cody Parkey,K,0,False,2,2,10.0
2015,151,16,1,6,The Dalles Cowboys,-16020,NYJ D/ST,D/ST,0,False,9,9,58.0
2015,152,16,2,3,Goleta Gringos,-16016,MIN D/ST,D/ST,0,False,6,0,39.0
2015,153,16,3,10,Honolulu Horndogs,15683,Justin Tucker,K,0,False,11,11,103.0
2015,154,16,4,2,Fairview Fat Cats,15860,Jordan Reed,TE,0,False,6,2,38.0
2015,155,16,5,8,Warlords of Westeros,14322,Dan Bailey,K,0,False,7,3,57.0
2015,156,16,6,7,Tittsburgh Feelers,16339,Brandon McManus,K,0,False,10,10,89.0
2015,157,16,7,1,Squaw Valley Skinners,11122,Matt Prater,K,0,False,0,0,0
2015,158,16,8,5,Muck City Mad Dawgs,10636,Mason Crosby,K,0,False,13,13,97.0
2015,159,16,9,4,Charleston Chewbacca,4333,Matt Bryant,K,0,False,9,9,59.0
2015,160,16,10,9,Tijuana Sanchitos,2969939,Jameis Winston,QB,0,False,1,0,17.0
2016,1,1,1,2,Fairview Fat Cats,-16007,DEN D/ST,D/ST,1,False,11,11,114.0
2016,2,1,2,6,Cincinnati Sinners,13982,Julio Jones,WR,58,False,11,3,130.0
2016,3,1,3,5,Muck City Mad Dawgs,14881,Russell Wilson,QB,20,False,8,8,111.0
2016,4,1,4,4,Charleston Chewbacca,15788,Tyler Eifert,TE,3,False,4,4,32.0
2016,5,1,5,9,Tijuana Sanchitos,16733,Odell Beckham Jr.,WR,56,False,12,5,142.0
2016,6,1,6,7,Tittsburgh Feelers,16799,Allen Robinson,WR,45,False,12,2,94.0
2016,7,1,7,4,Charleston Chewbacca,16040,C.J. Anderson,RB,19,False,6,6,74.0
2016,8,1,8,3,Goleta Gringos,13934,Antonio Brown,WR,61,False,11,11,163.0
2016,9,1,9,4,Charleston Chewbacca,13229,Rob Gronkowski,TE,46,False,6,6,69.0
2016,10,1,10,5,Muck City Mad Dawgs,9704,Stephen Gostkowski,K,1,False,10,8,87.0
2016,11,2,1,2,Fairview Fat Cats,14322,Dan Bailey,K,1,False,9,4,79.0
2016,12,2,2,8,Warlords of Westeros,14886,Lamar Miller,RB,45,False,11,11,107.0
2016,13,2,3,3,Goleta Gringos,16777,Carlos Hyde,RB,28,False,7,7,76.0
2016,14,2,4,9,Tijuana Sanchitos,-16026,SEA D/ST,D/ST,3,False,11,11,87.0
2016,15,2,5,5,Muck City Mad Dawgs,2977644,Todd Gurley II,RB,59,False,11,11,100.0
2016,16,2,6,10,Green Bay Glory Holes,2515416,Jeremy Langford,RB,17,False,3,3,21.0
2016,17,2,7,10,Green Bay Glory Holes,13215,Dez Bryant,WR,51,False,8,1,79.0
2016,18,2,8,9,Tijuana Sanchitos,10452,Adrian Peterson,RB,58,False,2,2,4.0
2016,19,2,9,1,Squaw Valley Skinners,2508176,David Johnson,RB,50,False,12,12,247.0
2016,20,2,10,1,Squaw Valley Skinners,-16022,ARI D/ST,D/ST,2,False,8,8,65.0
2016,21,3,1,2,Fairview Fat Cats,15795,DeAndre Hopkins,WR,51,False,10,9,75.0
2016,22,3,2,9,Tijuana Sanchitos,16790,Jarvis Landry,WR,22,False,7,7,43.0
2016,23,3,3,8,Warlords of Westeros,2576237,Thomas Rawls,RB,27,False,3,0,34.0
2016,24,3,4,5,Muck City Mad Dawgs,-16029,CAR D/ST,D/ST,2,False,9,6,56.0
2016,25,3,5,2,Fairview Fat Cats,3051392,Ezekiel Elliott,RB,52,False,12,12,226.0
2016,26,3,6,10,Green Bay Glory Holes,9705,Brandon Marshall,WR,46,False,10,4,69.0
2016,27,3,7,4,Charleston Chewbacca,16730,Kelvin Benjamin,WR,22,False,8,8,64.0
2016,28,3,8,1,Squaw Valley Skinners,15825,Le'Veon Bell,RB,49,False,9,0,147.0
2016,29,3,9,6,Cincinnati Sinners,16725,Sammy Watkins,WR,42,False,3,3,9.0
2016,30,3,10,6,Cincinnati Sinners,14912,Alshon Jeffery,WR,39,False,9,1,65.0
2016,31,4,1,8,Warlords of Westeros,11270,Jordy Nelson,WR,39,False,12,12,139.0
2016,32,4,2,9,Tijuana Sanchitos,11278,Matt Forte,RB,20,False,11,3,114.0
2016,33,4,3,4,Charleston Chewbacca,14221,Doug Baldwin,WR,20,False,10,10,81.0
2016,34,4,4,4,Charleston Chewbacca,16944,Devonta Freeman,RB,40,False,10,10,138.0
2016,35,4,5,5,Muck City Mad Dawgs,15848,Eddie Lacy,RB,40,False,5,3,36.0
2016,36,4,6,10,Green Bay Glory Holes,-16013,LV D/ST,D/ST,1,False,0,0,0
2016,37,4,7,1,Squaw Valley Skinners,2580,Drew Brees,QB,10,False,10,3,211.0
2016,38,4,8,8,Warlords of Westeros,14885,Doug Martin,RB,38,False,5,2,39.0
2016,39,4,9,4,Charleston Chewbacca,2976499,Amari Cooper,WR,27,False,12,2,119.0
2016,40,4,10,7,Tittsburgh Feelers,13994,Cam Newton,QB,21,False,10,10,181.0
2016,41,5,1,3,Goleta Gringos,13983,A.J. Green,WR,45,False,9,9,108.0
2016,42,5,2,2,Fairview Fat Cats,2330,Tom Brady,QB,5,False,8,8,173.0
2016,43,5,3,2,Fairview Fat Cats,13981,Mark Ingram II,RB,32,False,11,9,125.0
2016,44,5,4,6,Cincinnati Sinners,-16034,HOU D/ST,D/ST,2,False,5,4,49.0
2016,45,5,5,7,Tittsburgh Feelers,12514,LeSean McCoy,RB,28,False,10,10,173.0
2016,46,5,6,10,Green Bay Glory Holes,16724,Blake Bortles,QB,3,False,3,0,45.0
2016,47,5,7,6,Cincinnati Sinners,15705,Josh Gordon,WR,15,False,0,0,0
2016,48,5,8,4,Charleston Chewbacca,-16017,NE D/ST,D/ST,2,False,11,11,71.0
2016,49,5,9,7,Tittsburgh Feelers,16737,Mike Evans,WR,34,False,12,12,164.0
2016,50,5,10,10,Green Bay Glory Holes,15860,Jordan Reed,TE,28,False,9,2,89.0
2016,51,6,1,7,Tittsburgh Feelers,11307,Jamaal Charles,RB,32,False,0,0,0
2016,52,6,2,9,Tijuana Sanchitos,13271,Eric Decker,WR,15,False,3,3,30.0
2016,53,6,3,10,Green Bay Glory Holes,12497,Arian Foster,RB,11,False,1,0,0.0
2016,54,6,4,2,Fairview Fat Cats,9761,Delanie Walker,TE,11,False,10,9,88.0
2016,55,6,5,5,Muck City Mad Dawgs,12649,Julian Edelman,WR,14,False,10,10,69.0
2016,56,6,6,3,Goleta Gringos,11923,Stephen Hauschka,K,2,False,11,11,97.0
2016,57,6,7,1,Squaw Valley Skinners,11283,DeSean Jackson,WR,7,False,5,0,39.0
2016,58,6,8,9,Tijuana Sanchitos,10636,Mason Crosby,K,2,False,8,0,62.0
2016,59,6,9,7,Tittsburgh Feelers,13216,Demaryius Thomas,WR,26,False,12,2,103.0
2016,60,6,10,5,Muck City Mad Dawgs,8439,Aaron Rodgers,QB,11,False,11,2,241.0
2016,61,7,1,2,Fairview Fat Cats,11247,Jonathan Stewart,RB,20,False,5,5,57.0
2016,62,7,2,4,Charleston Chewbacca,2969962,Duke Johnson Jr.,RB,5,False,1,0,10.0
2016,63,7,3,5,Muck City Mad Dawgs,16731,Brandin Cooks,WR,28,False,9,9,81.0
2016,64,7,4,3,Goleta Gringos,5536,Ben Roethlisberger,QB,9,False,8,2,139.0
2016,65,7,5,8,Warlords of Westeros,15818,Keenan Allen,WR,17,False,1,1,6.0
2016,66,7,6,1,Squaw Valley Skinners,14053,Randall Cobb,WR,14,False,7,5,52.0
2016,67,7,7,4,Charleston Chewbacca,15683,Justin Tucker,K,1,False,12,12,131.0
2016,68,7,8,7,Tittsburgh Feelers,-16016,MIN D/ST,D/ST,1,False,10,10,97.0
2016,69,7,9,2,Fairview Fat Cats,13295,Emmanuel Sanders,WR,16,False,12,12,103.0
2016,70,7,10,1,Squaw Valley Skinners,14924,T.Y. Hilton,WR,10,False,11,4,130.0
2016,71,8,1,1,Squaw Valley Skinners,16803,Jeremy Hill,RB,9,False,4,2,24.0
2016,72,8,2,10,Green Bay Glory Holes,14005,DeMarco Murray,RB,10,False,12,12,194.0
2016,73,8,3,3,Goleta Gringos,15920,Latavius Murray,RB,13,False,7,7,111.0
2016,74,8,4,3,Goleta Gringos,12483,Matthew Stafford,QB,3,False,3,3,40.0
2016,75,8,5,4,Charleston Chewbacca,14874,Andrew Luck,QB,9,False,8,8,182.0
2016,76,8,6,10,Green Bay Glory Holes,12579,Jeremy Maclin,WR,12,False,3,0,18.0
2016,77,8,7,2,Fairview Fat Cats,13204,Ryan Mathews,RB,5,False,4,1,37.0
2016,78,8,8,7,Tittsburgh Feelers,16976,Chandler Catanzaro,K,1,False,1,0,7.0
2016,79,8,9,1,Squaw Valley Skinners,17372,Chris Boswell,K,1,False,0,0,0
2016,80,8,10,9,Tijuana Sanchitos,5528,Larry Fitzgerald,WR,5,False,10,3,87.0
2016,81,9,1,5,Muck City Mad Dawgs,11788,Danny Woodhead,RB,4,False,1,1,2.0
2016,82,9,2,9,Tijuana Sanchitos,4459,Carson Palmer,QB,4,False,7,3,104.0
2016,83,9,3,3,Goleta Gringos,15994,Theo Riddick,RB,1,False,7,7,65.0
2016,84,9,4,8,Warlords of Westeros,14163,Tyrod Taylor,QB,3,False,4,1,43.0
2016,85,9,5,8,Warlords of Westeros,10475,Greg Olsen,TE,12,False,11,4,83.0
2016,86,9,6,10,Green Bay Glory Holes,16804,John Brown,WR,5,False,2,1,5.0
2016,87,9,7,8,Warlords of Westeros,2577327,Tyler Lockett,WR,3,False,1,0,0.0
2016,88,9,8,1,Squaw Valley Skinners,13232,Jimmy Graham,TE,3,False,8,0,68.0
2016,89,9,9,1,Squaw Valley Skinners,15847,Travis Kelce,TE,5,False,9,8,77.0
2016,90,9,10,10,Green Bay Glory Holes,8479,Frank Gore,RB,6,False,10,0,110.0
2016,91,10,1,6,Cincinnati Sinners,2980105,Matt Jones,RB,2,False,3,2,22.0
2016,92,10,2,8,Warlords of Westeros,2573300,Jay Ajayi,RB,5,False,5,0,51.0
2016,93,10,3,3,Goleta Gringos,-16004,CIN D/ST,D/ST,1,False,6,1,33.0
2016,94,10,4,1,Squaw Valley Skinners,13217,Golden Tate,WR,10,False,3,1,30.0
2016,95,10,5,6,Cincinnati Sinners,16763,Jordan Matthews,WR,1,False,6,6,44.0
2016,96,10,6,10,Green Bay Glory Holes,12460,Graham Gano,K,1,False,9,9,61.0
2016,97,10,7,10,Green Bay Glory Holes,17177,Allen Hurns,WR,2,False,1,1,6.0
2016,98,10,8,6,Cincinnati Sinners,12503,Rashad Jennings,RB,2,False,6,3,43.0
2016,99,10,9,3,Goleta Gringos,14908,Michael Floyd,WR,9,False,1,1,6.0
2016,100,10,10,6,Cincinnati Sinners,3042435,Kevin White,WR,7,False,0,0,0
2016,101,11,1,5,Muck City Mad Dawgs,16791,Donte Moncrief,WR,7,False,4,1,40.0
2016,102,11,2,6,Cincinnati Sinners,2576434,Melvin Gordon,RB,5,False,10,0,165.0
2016,103,11,3,3,Goleta Gringos,13213,LeGarrette Blount,RB,5,False,10,10,144.0
2016,104,11,4,3,Goleta Gringos,3043078,Derrick Henry,RB,4,False,0,0,0
2016,105,11,5,9,Tijuana Sanchitos,2576623,DeVante Parker,WR,3,False,4,1,33.0
2016,106,11,6,10,Green Bay Glory Holes,14880,Kirk Cousins,QB,1,False,4,3,65.0
2016,107,11,7,6,Cincinnati Sinners,13587,Chris Ivory,RB,2,False,2,0,8.0
2016,108,11,8,1,Squaw Valley Skinners,2976516,T.J. Yeldon,RB,4,False,4,2,24.0
2016,109,11,9,6,Cincinnati Sinners,15826,Giovani Bernard,RB,6,False,2,2,20.0
2016,110,11,10,1,Squaw Valley Skinners,11364,Gary Barnidge,TE,4,False,7,3,22.0
2016,111,12,1,2,Fairview Fat Cats,8664,Ryan Fitzpatrick,QB,1,False,0,0,0
2016,112,12,2,9,Tijuana Sanchitos,2512593,Clive Walford,TE,1,False,0,0,0
2016,113,12,3,5,Muck City Mad Dawgs,12563,Michael Crabtree,WR,2,False,11,7,108.0
2016,114,12,4,7,Tittsburgh Feelers,5526,Eli Manning,QB,2,False,5,0,64.0
2016,115,12,5,9,Tijuana Sanchitos,15072,Marvin Jones Jr.,WR,2,False,5,5,35.0
2016,116,12,6,8,Warlords of Westeros,2976592,Sterling Shepard,WR,2,False,5,3,38.0
2016,117,12,7,5,Muck City Mad Dawgs,2976212,Stefon Diggs,WR,2,False,6,0,50.0
2016,118,12,8,6,Cincinnati Sinners,2576336,Ameer Abdullah,RB,2,False,1,1,17.0
2016,119,12,9,1,Squaw Valley Skinners,9613,DeAngelo Williams,RB,5,False,3,3,50.0
2016,120,12,10,10,Green Bay Glory Holes,2979477,Tevin Coleman,RB,2,False,2,2,14.0
2016,121,13,1,2,Fairview Fat Cats,17258,Willie Snead,WR,1,False,2,2,14.0
2016,122,13,2,9,Tijuana Sanchitos,16913,James White,RB,3,False,3,1,19.0
2016,123,13,3,3,Goleta Gringos,2976316,Michael Thomas,WR,1,False,5,0,44.0
2016,124,13,4,1,Squaw Valley Skinners,11467,Justin Forsett,RB,17,False,0,0,0
2016,125,13,5,3,Goleta Gringos,14900,Coby Fleener,TE,15,False,5,2,14.0
2016,126,13,6,5,Muck City Mad Dawgs,12699,Zach Miller,TE,4,False,8,2,42.0
2016,127,13,7,4,Charleston Chewbacca,14032,Torrey Smith,WR,1,False,0,0,0
2016,128,13,8,7,Tittsburgh Feelers,17133,Isaiah Crowell,RB,1,False,5,0,42.0
2016,129,13,9,4,Charleston Chewbacca,8475,Vincent Jackson,WR,2,False,1,1,1.0
2016,130,13,10,6,Cincinnati Sinners,5529,Philip Rivers,QB,2,False,4,1,64.0
2016,131,14,1,9,Tijuana Sanchitos,15855,Christine Michael,RB,3,False,7,7,78.0
2016,132,14,2,3,Goleta Gringos,16732,Eric Ebron,TE,1,False,2,0,12.0
2016,133,14,3,8,Warlords of Westeros,-16012,KC D/ST,D/ST,1,False,6,1,37.0
2016,134,14,4,6,Cincinnati Sinners,15835,Zach Ertz,TE,3,False,4,0,15.0
2016,135,14,5,10,Green Bay Glory Holes,14189,Jordan Cameron,TE,1,False,0,0,0
2016,136,14,6,4,Charleston Chewbacca,14129,Bilal Powell,RB,1,False,1,0,2.0
2016,137,14,7,7,Tittsburgh Feelers,14402,Chris Hogan,WR,1,False,0,0,0
2016,138,14,8,5,Muck City Mad Dawgs,14583,Kamar Aiken,WR,1,False,0,0,0
2016,139,14,9,2,Fairview Fat Cats,10453,Ted Ginn Jr.,WR,1,False,0,0,0
2016,140,14,10,9,Tijuana Sanchitos,14145,Charles Clay,TE,1,False,0,0,0
2016,141,15,1,7,Tittsburgh Feelers,3045144,Tyler Boyd,WR,2,False,0,0,0
2016,142,15,2,8,Warlords of Westeros,2977609,Devin Funchess,WR,1,False,0,0,0
2016,143,15,3,6,Cincinnati Sinners,1097,Adam Vinatieri,K,12,False,12,9,116.0
2016,144,15,4,5,Muck City Mad Dawgs,2622,Steve Smith,WR,4,False,3,3,32.0
2016,145,15,5,7,Tittsburgh Feelers,5362,Antonio Gates,TE,1,False,4,1,32.0
2016,146,15,6,5,Muck City Mad Dawgs,11258,Chris Johnson,RB,1,False,0,0,0
2016,147,15,7,2,Fairview Fat Cats,16800,Davante Adams,WR,1,False,3,0,48.0
2016,148,15,8,9,Tijuana Sanchitos,14875,Robert Griffin,QB,1,False,0,0,0
2016,149,15,9,3,Goleta Gringos,15786,Tavon Austin,WR,1,False,0,0,0
2016,150,15,10,8,Warlords of Westeros,2576980,Marcus Mariota,QB,1,False,7,0,156.0
2016,151,16,1,4,Charleston Chewbacca,16757,Derek Carr,QB,1,False,4,4,88.0
2016,152,16,2,8,Warlords of Westeros,15009,Alfred Morris,RB,4,False,0,0,0
2016,153,16,3,2,Fairview Fat Cats,14360,Matt Asiata,RB,1,False,1,0,7.0
2016,154,16,4,7,Tittsburgh Feelers,16749,Charles Sims,RB,2,False,2,0,17.0
2016,155,16,5,4,Charleston Chewbacca,14198,Dion Lewis,RB,1,False,0,0,0
2016,156,16,6,7,Tittsburgh Feelers,3122866,Devontae Booker,RB,1,False,5,0,40.0
2016,157,16,7,2,Fairview Fat Cats,2577417,Dak Prescott,QB,1,False,3,0,62.0
2016,158,16,8,8,Warlords of Westeros,14851,Terrelle Pryor,WR,1,False,5,0,40.0
2016,159,16,9,7,Tittsburgh Feelers,16020,Spencer Ware,RB,1,False,8,8,92.0
2016,160,16,10,8,Warlords of Westeros,15058,Blair Walsh,K,1,False,1,1,14.0
2017,1,1,1,8,Warlords of Westeros,13215,Dez Bryant,WR,42,False,15,15,108.0
2017,2,1,2,2,Fairview Fat Cats,16737,Mike Evans,WR,65,False,13,13,104.0
2017,3,1,3,8,Warlords of Westeros,13934,Antonio Brown,WR,66,False,14,4,204.0
2017,4,1,4,5,Muck City Mad Dawgs,3116406,Tyreek Hill,WR,15,False,15,6,159.0
2017,5,1,5,3,Goleta Gringos,14005,DeMarco Murray,RB,44,False,13,5,95.0
2017,6,1,6,10,Chula Vista Chupacabras,3059915,Kareem Hunt,RB,34,False,15,6,220.0
2017,7,1,7,3,Goleta Gringos,10456,Marshawn Lynch,RB,33,False,14,14,122.0
2017,8,1,8,9,Tijuana Sanchitos,2508176,David Johnson,RB,78,False,1,1,6.0
2017,9,1,9,5,Muck City Mad Dawgs,2580,Drew Brees,QB,11,False,14,14,219.0
2017,10,1,10,5,Muck City Mad Dawgs,16733,Odell Beckham Jr.,WR,63,False,4,4,46.0
2017,11,1,11,5,Muck City Mad Dawgs,12514,LeSean McCoy,RB,56,False,15,15,190.0
2017,12,1,12,12,Winston-Salem Wake Snakes,-16007,DEN D/ST,D/ST,3,False,14,14,103.0
2017,13,2,1,4,Charleston Chewbacca,13216,Demaryius Thomas,WR,32,False,13,8,79.0
2017,14,2,2,4,Charleston Chewbacca,2576434,Melvin Gordon,RB,54,False,14,3,190.0
2017,15,2,3,10,Chula Vista Chupacabras,15825,Le'Veon Bell,RB,82,False,15,15,240.0
2017,16,2,4,9,Tijuana Sanchitos,13982,Julio Jones,WR,67,False,15,3,148.0
2017,17,2,5,12,Winston-Salem Wake Snakes,2577134,Ty Montgomery,RB,19,False,7,7,56.0
2017,18,2,6,6,DC Mighty Cucks,2976499,Amari Cooper,WR,52,False,7,7,65.0
2017,19,2,7,4,Charleston Chewbacca,14912,Alshon Jeffery,WR,32,False,14,4,118.0
2017,20,2,8,12,Winston-Salem Wake Snakes,11270,Jordy Nelson,WR,57,False,11,11,73.0
2017,21,2,9,1,Squaw Valley Skinners,3051392,Ezekiel Elliott,RB,59,False,9,9,156.0
2017,22,2,10,7,Tittsburgh Feelers,13229,Rob Gronkowski,TE,36,False,13,13,152.0
2017,23,2,11,1,Squaw Valley Skinners,2976316,Michael Thomas,WR,51,False,15,15,138.0
2017,24,2,12,12,Winston-Salem Wake Snakes,9704,Stephen Gostkowski,K,2,False,15,15,163.0
2017,25,3,1,11,Honolulu Horndogs,3115364,Leonard Fournette,RB,41,False,13,13,171.0
2017,26,3,2,12,Winston-Salem Wake Snakes,2977644,Todd Gurley II,RB,45,False,15,15,302.0
2017,27,3,3,6,DC Mighty Cucks,13983,A.J. Green,WR,63,False,15,5,144.0
2017,28,3,4,11,Honolulu Horndogs,16944,Devonta Freeman,RB,48,False,13,5,137.0
2017,29,3,5,5,Muck City Mad Dawgs,15952,Mike Gillislee,RB,10,False,6,4,28.0
2017,30,3,6,9,Tijuana Sanchitos,2576623,DeVante Parker,WR,19,False,8,7,46.0
2017,31,3,7,1,Squaw Valley Skinners,3060022,Jordan Howard,RB,42,False,15,15,164.0
2017,32,3,8,12,Winston-Salem Wake Snakes,3046439,Hunter Henry,TE,5,False,11,1,50.0
2017,33,3,9,12,Winston-Salem Wake Snakes,8439,Aaron Rodgers,QB,25,False,1,1,23.0
2017,34,3,10,7,Tittsburgh Feelers,15795,DeAndre Hopkins,WR,30,False,15,15,207.0
2017,35,3,11,2,Fairview Fat Cats,14886,Lamar Miller,RB,29,False,14,14,118.0
2017,36,3,12,3,Goleta Gringos,14322,Dan Bailey,K,2,False,6,0,42.0
2017,37,4,1,7,Tittsburgh Feelers,14924,T.Y. Hilton,WR,32,False,10,6,71.0
2017,38,4,2,4,Charleston Chewbacca,17133,Isaiah Crowell,RB,19,False,6,6,44.0
2017,39,4,3,10,Chula Vista Chupacabras,14221,Doug Baldwin,WR,36,False,15,7,121.0
2017,40,4,4,3,Goleta Gringos,5536,Ben Roethlisberger,QB,7,False,7,2,138.0
2017,41,4,5,7,Tittsburgh Feelers,2573300,Jay Ajayi,RB,45,False,11,2,76.0
2017,42,4,6,10,Chula Vista Chupacabras,16725,Sammy Watkins,WR,19,False,9,6,63.0
2017,43,4,7,1,Squaw Valley Skinners,13217,Golden Tate,WR,26,False,12,0,78.0
2017,44,4,8,3,Goleta Gringos,13232,Jimmy Graham,TE,11,False,15,7,103.0
2017,45,4,9,8,Warlords of Westeros,14881,Russell Wilson,QB,15,False,13,5,254.0
2017,46,4,10,3,Goleta Gringos,14851,Terrelle Pryor,WR,23,False,5,2,13.0
2017,47,4,11,2,Fairview Fat Cats,16731,Brandin Cooks,WR,46,False,15,15,131.0
2017,48,4,12,3,Goleta Gringos,15683,Justin Tucker,K,2,False,15,4,149.0
2017,49,5,1,2,Fairview Fat Cats,13295,Emmanuel Sanders,WR,16,False,8,7,53.0
2017,50,5,2,11,Honolulu Horndogs,3117251,Christian McCaffrey,RB,29,False,15,2,128.0
2017,51,5,3,8,Warlords of Westeros,12563,Michael Crabtree,WR,28,False,13,2,109.0
2017,52,5,4,3,Goleta Gringos,15818,Keenan Allen,WR,22,False,15,15,150.0
2017,53,5,5,8,Warlords of Westeros,3116593,Dalvin Cook,RB,27,False,4,4,51.0
2017,54,5,6,2,Fairview Fat Cats,-16016,MIN D/ST,D/ST,2,False,11,11,89.0
2017,55,5,7,12,Winston-Salem Wake Snakes,16790,Jarvis Landry,WR,17,False,15,15,128.0
2017,56,5,8,4,Charleston Chewbacca,15860,Jordan Reed,TE,19,False,5,3,27.0
2017,57,5,9,12,Winston-Salem Wake Snakes,2330,Tom Brady,QB,16,False,14,9,250.0
2017,58,5,10,11,Honolulu Horndogs,5528,Larry Fitzgerald,WR,16,False,15,6,140.0
2017,59,5,11,2,Fairview Fat Cats,2969939,Jameis Winston,QB,2,False,3,3,32.0
2017,60,5,12,6,DC Mighty Cucks,16777,Carlos Hyde,RB,24,False,13,13,120.0
2017,61,6,1,8,Warlords of Westeros,-16026,SEA D/ST,D/ST,4,False,9,9,70.0
2017,62,6,2,3,Goleta Gringos,11439,Pierre Garcon,WR,8,False,4,4,19.0
2017,63,6,3,1,Squaw Valley Skinners,2576716,Jamison Crowder,WR,12,False,7,2,55.0
2017,64,6,4,11,Honolulu Horndogs,16800,Davante Adams,WR,22,False,11,11,122.0
2017,65,6,5,3,Goleta Gringos,10452,Adrian Peterson,RB,6,False,5,1,45.0
2017,66,6,6,11,Honolulu Horndogs,-16034,HOU D/ST,D/ST,3,False,5,1,53.0
2017,67,6,7,4,Charleston Chewbacca,11283,DeSean Jackson,WR,5,False,8,8,49.0
2017,68,6,8,7,Tittsburgh Feelers,14129,Bilal Powell,RB,13,False,5,5,31.0
2017,69,6,9,11,Honolulu Horndogs,11788,Danny Woodhead,RB,5,False,1,0,1.0
2017,70,6,10,9,Tijuana Sanchitos,2577327,Tyler Lockett,WR,2,False,2,1,1.0
2017,71,6,11,11,Honolulu Horndogs,9705,Brandon Marshall,WR,12,False,2,2,5.0
2017,72,6,12,2,Fairview Fat Cats,9761,Delanie Walker,TE,3,False,14,14,85.0
2017,73,7,1,9,Tijuana Sanchitos,-16012,KC D/ST,D/ST,2,False,7,1,51.0
2017,74,7,2,6,DC Mighty Cucks,2976212,Stefon Diggs,WR,4,False,10,10,82.0
2017,75,7,3,11,Honolulu Horndogs,3059722,Zay Jones,WR,3,False,1,0,11.0
2017,76,7,4,3,Goleta Gringos,3051876,Evan Engram,TE,1,False,11,1,83.0
2017,77,7,5,2,Fairview Fat Cats,3116385,Joe Mixon,RB,21,False,10,10,79.0
2017,78,7,6,3,Goleta Gringos,2576980,Marcus Mariota,QB,4,False,4,3,63.0
2017,79,7,7,9,Tijuana Sanchitos,15848,Eddie Lacy,RB,6,False,2,1,1.0
2017,80,7,8,5,Muck City Mad Dawgs,13981,Mark Ingram II,RB,15,False,13,1,187.0
2017,81,7,9,4,Charleston Chewbacca,11237,Matt Ryan,QB,9,False,12,6,163.0
2017,82,7,10,7,Tittsburgh Feelers,15847,Travis Kelce,TE,7,False,15,3,143.0
2017,83,7,11,9,Tijuana Sanchitos,10475,Greg Olsen,TE,17,False,3,2,2.0
2017,84,7,12,10,Chula Vista Chupacabras,16886,Martavis Bryant,WR,14,False,7,6,34.0
2017,85,8,1,4,Charleston Chewbacca,16730,Kelvin Benjamin,WR,16,False,8,3,42.0
2017,86,8,2,3,Goleta Gringos,15994,Theo Riddick,RB,2,False,3,2,16.0
2017,87,8,3,6,DC Mighty Cucks,16040,C.J. Anderson,RB,16,False,12,12,102.0
2017,88,8,4,3,Goleta Gringos,2977187,Cooper Kupp,WR,4,False,3,3,8.0
2017,89,8,5,6,DC Mighty Cucks,2576336,Ameer Abdullah,RB,10,False,5,3,23.0
2017,90,8,6,10,Chula Vista Chupacabras,15835,Zach Ertz,TE,3,False,13,13,120.0
2017,91,8,7,12,Winston-Salem Wake Snakes,12579,Jeremy Maclin,WR,2,False,7,7,47.0
2017,92,8,8,11,Honolulu Horndogs,14880,Kirk Cousins,QB,2,False,13,13,222.0
2017,93,8,9,7,Tittsburgh Feelers,14874,Andrew Luck,QB,1,False,0,0,0
2017,94,8,10,3,Goleta Gringos,-16009,GB D/ST,D/ST,2,False,6,0,46.0
2017,95,8,11,2,Fairview Fat Cats,13271,Eric Decker,WR,5,False,1,1,1.0
2017,96,8,12,7,Tittsburgh Feelers,8479,Frank Gore,RB,7,False,9,4,78.0
2017,97,9,1,2,Fairview Fat Cats,5529,Philip Rivers,QB,2,False,11,0,169.0
2017,98,9,2,11,Honolulu Horndogs,12601,Mike Wallace,WR,2,False,0,0,0
2017,99,9,3,5,Muck City Mad Dawgs,13994,Cam Newton,QB,4,False,10,2,194.0
2017,100,9,4,5,Muck City Mad Dawgs,13213,LeGarrette Blount,RB,10,False,8,3,55.0
2017,101,9,5,5,Muck City Mad Dawgs,2575408,Rob Kelley,RB,7,False,2,0,10.0
2017,102,9,6,6,DC Mighty Cucks,16799,Allen Robinson,WR,13,False,0,0,0
2017,103,9,7,7,Tittsburgh Feelers,16757,Derek Carr,QB,4,False,7,7,111.0
2017,104,9,8,7,Tittsburgh Feelers,2969962,Duke Johnson Jr.,RB,3,False,1,0,6.0
2017,105,9,9,12,Winston-Salem Wake Snakes,8544,Darren Sproles,RB,1,False,0,0,0
2017,106,9,10,12,Winston-Salem Wake Snakes,12556,Kenny Britt,WR,2,False,1,1,1.0
2017,107,9,11,8,Warlords of Westeros,4333,Matt Bryant,K,2,False,13,6,113.0
2017,108,9,12,12,Winston-Salem Wake Snakes,3043078,Derrick Henry,RB,2,False,7,0,46.0
2017,109,10,1,2,Fairview Fat Cats,17258,Willie Snead,WR,4,False,0,0,0
2017,110,10,2,11,Honolulu Horndogs,10453,Ted Ginn Jr.,WR,1,False,5,5,27.0
2017,111,10,3,7,Tittsburgh Feelers,2971589,Paul Perkins,RB,6,False,0,0,0
2017,112,10,4,10,Chula Vista Chupacabras,17372,Chris Boswell,K,1,False,11,3,111.0
2017,113,10,5,4,Charleston Chewbacca,2587819,Tyrell Williams,WR,2,False,1,0,2.0
2017,114,10,6,9,Tijuana Sanchitos,16913,James White,RB,1,False,3,3,16.0
2017,115,10,7,11,Honolulu Horndogs,14053,Randall Cobb,WR,14,False,2,0,7.0
2017,116,10,8,6,DC Mighty Cucks,11278,Matt Forte,RB,2,False,0,0,0
2017,117,10,9,7,Tittsburgh Feelers,14885,Doug Martin,RB,10,False,7,7,49.0
2017,118,10,10,4,Charleston Chewbacca,16783,Terrance West,RB,2,False,0,0,0
2017,119,10,11,8,Warlords of Westeros,2576237,Thomas Rawls,RB,5,False,2,1,3.0
2017,120,10,12,5,Muck City Mad Dawgs,11238,Darren McFadden,RB,3,False,0,0,0
2017,121,11,1,6,DC Mighty Cucks,15788,Tyler Eifert,TE,6,False,2,2,4.0
2017,122,11,2,4,Charleston Chewbacca,3919596,Chris Carson,RB,2,False,2,2,16.0
2017,123,11,3,10,Chula Vista Chupacabras,16791,Donte Moncrief,WR,3,False,1,0,3.0
2017,124,11,4,8,Warlords of Westeros,11295,Martellus Bennett,TE,5,False,6,6,19.0
2017,125,11,5,2,Fairview Fat Cats,2980148,C.J. Prosise,RB,2,False,0,0,0
2017,126,11,6,7,Tittsburgh Feelers,2148,Sebastian Janikowski,K,1,False,0,0,0
2017,127,11,7,9,Tijuana Sanchitos,2979477,Tevin Coleman,RB,2,False,12,11,108.0
2017,128,11,8,4,Charleston Chewbacca,16763,Jordan Matthews,WR,3,False,0,0,0
2017,129,11,9,2,Fairview Fat Cats,16460,Adam Thielen,WR,1,False,14,0,126.0
2017,130,11,10,6,DC Mighty Cucks,14193,Jacquizz Rodgers,RB,2,False,2,2,22.0
2017,131,11,11,12,Winston-Salem Wake Snakes,2577417,Dak Prescott,QB,2,False,8,0,117.0
2017,132,11,12,12,Winston-Salem Wake Snakes,16504,Jack Doyle,TE,2,False,5,0,25.0
2017,133,12,1,5,Muck City Mad Dawgs,14054,Kyle Rudolph,TE,2,False,9,3,57.0
2017,134,12,2,10,Chula Vista Chupacabras,-16022,ARI D/ST,D/ST,1,False,6,3,36.0
2017,135,12,3,5,Muck City Mad Dawgs,3042435,Kevin White,WR,1,False,0,0,0
2017,136,12,4,6,DC Mighty Cucks,14402,Chris Hogan,WR,2,False,6,6,52.0
2017,137,12,5,6,DC Mighty Cucks,11247,Jonathan Stewart,RB,2,False,3,3,11.0
2017,138,12,6,4,Charleston Chewbacca,14012,Andy Dalton,QB,2,False,1,1,18.0
2017,139,12,7,2,Fairview Fat Cats,11122,Matt Prater,K,1,False,15,6,137.0
2017,140,12,8,10,Chula Vista Chupacabras,12483,Matthew Stafford,QB,2,False,8,6,126.0
2017,141,12,9,4,Charleston Chewbacca,1097,Adam Vinatieri,K,1,False,2,1,12.0
2017,142,12,10,11,Honolulu Horndogs,4527,Jason Witten,TE,1,False,11,8,46.0
2017,143,12,11,8,Warlords of Westeros,15102,Rishard Matthews,WR,1,False,5,0,34.0
2017,144,12,12,10,Chula Vista Chupacabras,3045147,James Conner,RB,1,False,0,0,0
2017,145,13,1,5,Muck City Mad Dawgs,2978929,Corey Coleman,WR,1,False,0,0,0
2017,146,13,2,9,Tijuana Sanchitos,15826,Giovani Bernard,RB,1,False,3,0,22.0
2017,147,13,3,7,Tittsburgh Feelers,-16019,NYG D/ST,D/ST,1,False,3,1,-4.0
2017,148,13,4,6,DC Mighty Cucks,4459,Carson Palmer,QB,1,False,7,7,98.0
2017,149,13,5,2,Fairview Fat Cats,3042778,Corey Davis,WR,1,False,0,0,0
2017,150,13,6,1,Squaw Valley Skinners,16804,John Brown,WR,1,False,3,1,21.0
2017,151,13,7,6,DC Mighty Cucks,-16023,PIT D/ST,D/ST,2,False,13,1,107.0
2017,152,13,8,11,Honolulu Horndogs,10636,Mason Crosby,K,1,False,4,2,21.0
2017,153,13,9,8,Warlords of Westeros,15966,Chris Thompson,RB,1,False,7,7,65.0
2017,154,13,10,10,Chula Vista Chupacabras,14032,Torrey Smith,WR,1,False,0,0,0
2017,155,13,11,4,Charleston Chewbacca,-16017,NE D/ST,D/ST,2,False,8,7,58.0
2017,156,13,12,9,Tijuana Sanchitos,11674,Danny Amendola,WR,1,False,3,3,12.0
2017,157,14,1,7,Tittsburgh Feelers,2576019,Josh Doctson,WR,1,False,2,0,14.0
2017,158,14,2,6,DC Mighty Cucks,2985659,Wil Lutz,K,1,False,15,15,149.0
2017,159,14,3,1,Squaw Valley Skinners,15971,Rex Burkhead,RB,1,False,3,0,34.0
2017,160,14,4,8,Warlords of Westeros,15072,Marvin Jones Jr.,WR,1,False,11,0,120.0
2017,161,14,5,10,Chula Vista Chupacabras,17284,Charcandrick West,RB,1,False,0,0,0
2017,162,14,6,5,Muck City Mad Dawgs,15965,Dustin Hopkins,K,1,False,5,4,40.0
2017,163,14,7,9,Tijuana Sanchitos,2976592,Sterling Shepard,WR,1,False,2,0,21.0
2017,164,14,8,1,Squaw Valley Skinners,3116389,Samaje Perine,RB,1,False,8,1,62.0
2017,165,14,9,8,Warlords of Westeros,15920,Latavius Murray,RB,1,False,9,0,90.0
2017,166,14,10,10,Chula Vista Chupacabras,3043275,Austin Hooper,TE,1,False,10,0,26.0
2017,167,14,11,5,Muck City Mad Dawgs,-16004,CIN D/ST,D/ST,1,False,7,4,59.0
2017,168,14,12,9,Tijuana Sanchitos,9597,Jay Cutler,QB,1,False,3,1,18.0
2017,169,15,1,1,Squaw Valley Skinners,16732,Eric Ebron,TE,1,False,3,0,17.0
2017,170,15,2,8,Warlords of Westeros,14017,Shane Vereen,RB,1,False,1,1,5.0
2017,171,15,3,10,Chula Vista Chupacabras,17177,Allen Hurns,WR,1,False,2,0,18.0
2017,172,15,4,9,Tijuana Sanchitos,15058,Blair Walsh,K,1,False,4,2,24.0
2017,173,15,5,1,Squaw Valley Skinners,2980453,Jamaal Williams,RB,1,False,4,0,34.0
2017,174,15,6,8,Warlords of Westeros,14163,Tyrod Taylor,QB,1,False,6,0,83.0
2017,175,15,7,9,Tijuana Sanchitos,14204,Julius Thomas,TE,1,False,1,1,1.0
2017,176,15,8,1,Squaw Valley Skinners,5526,Eli Manning,QB,1,False,4,0,50.0
2017,177,15,9,1,Squaw Valley Skinners,3139605,Marlon Mack,RB,1,False,0,0,0
2017,178,15,10,1,Squaw Valley Skinners,-16024,LAC D/ST,D/ST,1,False,5,0,61.0
2017,179,15,11,1,Squaw Valley Skinners,14900,Coby Fleener,TE,1,False,4,0,13.0
2017,180,15,12,1,Squaw Valley Skinners,3055899,Harrison Butker,K,1,False,11,0,136.0
